{"@context":"https:\/\/schema.org","@type":"Attorney","name":"WebMakerOne","image":"","url":"https:\/\/s8.techbit.co.za","telephone":"0741587223","address":{"@type":"PostalAddress","streetAddress":"ABC Street","addressLocality":"Suburb","addressRegion":"Town","postalCode":"0001","addressCountry":"ZA"},"openingHoursSpecification":[{"@type":"OpeningHoursSpecification","dayOfWeek":"Monday","opens":"08:00","closes":"17:00"},{"@type":"OpeningHoursSpecification","dayOfWeek":"Tuesday","opens":"08:00","closes":"17:00"},{"@type":"OpeningHoursSpecification","dayOfWeek":"Wednesday","opens":"08:00","closes":"17:00"},{"@type":"OpeningHoursSpecification","dayOfWeek":"Thursday","opens":"08:00","closes":"17:00"},{"@type":"OpeningHoursSpecification","dayOfWeek":"Friday","opens":"08:00","closes":"17:00"}]}